review_priority,review_tags,verification_status,record_id,paper_id,doi,paper_url,route,study_type,device,formulation_label,api_name,api_concentration_raw,api_concentration_value,api_concentration_unit,api_basis,endpoint_kind,endpoint_value,endpoint_unit,endpoint_time_value,endpoint_time_unit,normalized_value,normalized_unit,mapping_confidence,extractor_confidence,verification_support_rate,failure_reasons,source_notes_preview,device_evidence_preview,endpoint_evidence_preview,area_evidence_preview,evidence_preview_1,evidence_preview_2,review_keep_record,review_target_api_ok,review_5pct_ww_ok,review_franz_ok,review_ivpt_ivrt_ok,review_amount_endpoint_ok,review_endpoint_time_ok,review_area_ok,review_decision,review_notes
1,P1_suspicious_verified|P1_verified_figure_or_mixed,verified,record_4b26f53f8d92,paper_567266ad0643,10.1248/cpb.c21-00033,https://www.jstage.jst.go.jp/article/cpb/69/5/69_c21-00033/_pdf,figure,IVPT,Franz diffusion cell,Lidocaine-Ibuprofen IL,Ibuprofen,Molar Fraction in IL (At Preparation),10,mM,molar,flux,2.35,µmol/cm²/h,8,h,,,,0.9,1,,The permeation rate reflects the rate at which ibuprofen diffuses through the membrane.,"Vol. 69, No. 5 (2021) 483 Chem. Pharm. Bull. through the silicone membrane from this suspended solution was introduced to dQ/dtsol(Av = 1) shown in Eq. 4. hermodynam- ic activity of chemicals in diﬀerent solvents must b",The observed permeation rate of ibuprofen from IL preparations (8h) was measured to be 2.35 ± 0.20 µmol/cm²/h.,"Vol. 69, No. 5 (2021) 483 Chem. Pharm. Bull. through the silicone membrane from this suspended solution was introduced to dQ/dtsol(Av = 1) shown in Eq. 4. hermodynam- ic activity of chemicals in diﬀerent solvents must b",The observed permeation rate of ibuprofen from IL preparations (8h) was measured to be 2.35 ± 0.20 µmol/cm²/h.,The observed permeation rate of ibuprofen from IL preparations (8h) was measured to be 2.35 ± 0.20 µmol/cm²/h.,no,yes,no,yes,yes,yes,yes,no,downgrade to unresolved,"For Fig. 3b, it shows the profile of cumulative amount of ibuprofen with a few different ibuprofen formulations. But pipeline didn't extract them out. Evidence_preview located a wrong place."
1,P1_suspicious_verified|P1_verified_figure_or_mixed,verified,record_3aba4000afc2,paper_85f231cdccef,10.1208/s12249-019-1584-8,https://link.springer.com/content/pdf/10.1208/s12249-019-1584-8.pdf,figure,IVPT,Franz diffusion cell,In Vitro Transdermal Permeation,Ibuprofen,,4.6,mM,molar,amount_total,156.3587646,μg/cm²,24,h,156.3587646,ug/cm^2,0.85,0.95,1,,Figure endpoint built from triage + CV digitization + curve mapping. | figure_trace_id=figure_trace_paper_85f231cdccef_figure_3_6__a_cfd134e12453 | curve_trace_id=figure_trace_paper_85f231cdccef_figure_3_6__a_cfd134e12453::cluster_1,"Excipient Co., Ltd. (Xi’an, China); polyoxyethylene castor oil (Cremophor® EL) was purchased from BASF SE (Ludwigshafen, Germany); highly puriﬁed diethylene glycol monoethyl ether (Transcutol® P) was obtained from GATTEF",curve_id=cluster_1; color=; trace_id=figure_trace_paper_85f231cdccef_figure_3_6__a_cfd134e12453::cluster_1,"Excipient Co., Ltd. (Xi’an, China); polyoxyethylene castor oil (Cremophor® EL) was purchased from BASF SE (Ludwigshafen, Germany); highly puriﬁed diethylene glycol monoethyl ether (Transcutol® P) was obtained from GATTEF",In vitro transdermal permeation proﬁles (a) and transdermal ﬂuxes (b) of ibuprofen from ibuprofen-loaded microemulsion (ME) and ibuprofen-loaded microemulsion-based hyaluronic acid hydrogel (ME/Gel).,curve_id=cluster_1; color=; trace_id=figure_trace_paper_85f231cdccef_figure_3_6__a_cfd134e12453::cluster_1,yes,yes,yes,yes,yes,yes,yes,yes,keep_verified,"Extraction error: API concentration was extracted as 4.6 mM, but the paper states 5% w/w ibuprofen in Table 1. "
1,P1_suspicious_verified|P1_verified_figure_or_mixed,verified,record_0c86a8a8bb55,paper_c6791af323cf,10.1523/jneurosci.5741-07.2008,http://www.jneurosci.org/cgi/content/full/28/51/13727,mixed,IVPT,Franz diffusion cell,text_1,ibuprofen,40 mg/kg,40,mg/kg,intraperitoneal,amount_total,40,mg,24,h,23.52941176,ug/cm^2,,0.95,1,,failure_taxonomy:missing_endpoint,Franz diffusion cell,40 mg/kg,"Temperature selection assays were performed as described previously ( Lee et al., 2005 ). Briefly, a mouse was placed on a 170 cm × 10 cm metal platform on which a linear thermal gradient spanning from 0.8 to 48.8°C was ",TRPV3-YFP transgenic keratinocytes show increased PGE 2 release compared with wild-type keratinocytes in response to the TRPV3 agonist 2APB.,"Effects of cyclooxygenase antagonism. Wild-type and TRPV3-YFP transgenic mice were pretreated with the COX antagonist ibuprofen (40 mg/kg, i.p.).",no,yes,no,no,no,no,no,no,confirm rejected,"Rejected. No IVPT/IVRT, no formulation label, no applicable of our plan."
1,P1_suspicious_verified|P1_verified_figure_or_mixed,verified,record_3cafd2b883f5,paper_c6791af323cf,10.1523/jneurosci.5741-07.2008,http://www.jneurosci.org/cgi/content/full/28/51/13727,mixed,IVPT,Franz diffusion cell,text_3,ibuprofen,40 mg/kg,40,mg/kg,intraperitoneal,amount_total,40,mg,24,h,23.52941176,ug/cm^2,,0.95,1,,failure_taxonomy:missing_endpoint,Franz diffusion cell,40 mg/kg,"Temperature selection assays were performed as described previously ( Lee et al., 2005 ). Briefly, a mouse was placed on a 170 cm × 10 cm metal platform on which a linear thermal gradient spanning from 0.8 to 48.8°C was ",PGE 2 may communicate with cutaneous sensory neurons.,Franz diffusion cell,no,yes,no,no,no,no,no,no,confirm rejected,"Rejected. No IVPT/IVRT, no formulation label, no applicable of our plan."
1,P1_suspicious_verified|P1_verified_figure_or_mixed,verified,record_4306a8808b9e,paper_c6791af323cf,10.1523/jneurosci.5741-07.2008,http://www.jneurosci.org/cgi/content/full/28/51/13727,mixed,IVPT,Franz diffusion cell,text_4,ibuprofen,40 mg/kg,40,mg/kg,intraperitoneal,amount_total,40,mg,24,h,23.52941176,ug/cm^2,,0.95,1,,failure_taxonomy:missing_endpoint,Franz diffusion cell,40 mg/kg,"Temperature selection assays were performed as described previously ( Lee et al., 2005 ). Briefly, a mouse was placed on a 170 cm × 10 cm metal platform on which a linear thermal gradient spanning from 0.8 to 48.8°C was ",Data suggest that keratinocyte TRPV3 channels facilitate heat-evoked activation of nociceptive signaling pathways.,Franz diffusion cell,no,yes,no,no,no,no,no,no,confirm rejected,"Rejected. No IVPT/IVRT, no formulation label, no applicable of our plan."
1,P1_suspicious_verified|P1_verified_figure_or_mixed,verified,record_971a466d8370,paper_c6791af323cf,10.1523/jneurosci.5741-07.2008,http://www.jneurosci.org/cgi/content/full/28/51/13727,mixed,IVPT,Franz diffusion cell,text_5,ibuprofen,40 mg/kg,40,mg/kg,intraperitoneal,amount_total,40,mg,30,min,23.52941176,ug/cm^2,,0.95,1,,failure_taxonomy:missing_endpoint,Franz diffusion cell,40 mg/kg,"Temperature selection assays were performed as described previously ( Lee et al., 2005 ). Briefly, a mouse was placed on a 170 cm × 10 cm metal platform on which a linear thermal gradient spanning from 0.8 to 48.8°C was ",Responses to the hot plate were tested at 30 min intervals following injection.,Franz diffusion cell,no,yes,no,no,no,no,no,no,confirm rejected,"Rejected. No IVPT/IVRT, no formulation label, no applicable of our plan."
1,P1_suspicious_verified|P1_verified_figure_or_mixed,verified,record_9ef995c91d9b,paper_c6791af323cf,10.1523/jneurosci.5741-07.2008,http://www.jneurosci.org/cgi/content/full/28/51/13727,mixed,IVPT,Franz diffusion cell,text_2,ibuprofen,40 mg/kg,40,mg/kg,intraperitoneal,amount_total,40,mg,24,h,23.52941176,ug/cm^2,,0.95,1,,failure_taxonomy:missing_endpoint,Franz diffusion cell,40 mg/kg,"Temperature selection assays were performed as described previously ( Lee et al., 2005 ). Briefly, a mouse was placed on a 170 cm × 10 cm metal platform on which a linear thermal gradient spanning from 0.8 to 48.8°C was ","Following CFA inflammation, in the presence of the TRPV1 antagonist, ibuprofen significantly increased the response latency of the TRPV3 overexpressing mice.",Franz diffusion cell,no,yes,no,no,no,no,no,no,confirm rejected,"Rejected. No IVPT/IVRT, no formulation label, no applicable of our plan."
1,P1_suspicious_verified,verified,record_38856e1ffe65,paper_eabb128fb839,10.1186/2050-6511-13-5,https://europepmc.org/articles/PMC3506268,table,IVPT,Franz diffusion cell,Permeation parameters for Ibuprofen,Ibuprofen,-,2.6,mg/ml,w/v,flux,431.52,μg/cm²/h,6,hours,,,,1,1,,Data shows flux enhancement through microneedles. | failure_taxonomy:missing_endpoint_time,"patches and microneedles have been developed for a convenient and effective transdermal drug delivery [7]. Microneedle technology has been established to perfor- ate the skin barrier without inducing pain or bleeding, as",Jmax (μg/cm²/h) for Ibuprofen in control vs microneedle treated samples shows a significant increase from 1.03 to 431.52,"patches and microneedles have been developed for a convenient and effective transdermal drug delivery [7]. Microneedle technology has been established to perfor- ate the skin barrier without inducing pain or bleeding, as",Jmax (μg/cm²/h) for Ibuprofen in control vs microneedle treated samples shows a significant increase from 1.03 to 431.52,Jmax (μg/cm²/h) for Ibuprofen in control vs microneedle treated samples shows a significant increase from 1.03 to 431.52,yes,yes,yes,yes,yes,yes,yes,yes,keep_verified,"Extraction error: API concentration was extracted as 2.6 mg/ml, but the paper states 23.4% w/w ibuprofen in Method/In-vitro permeation. "
1,P1_suspicious_verified,verified,record_38856e1ffe65,paper_eabb128fb839,10.1186/2050-6511-13-5,https://europepmc.org/articles/PMC3506268,table,IVPT,Franz diffusion cell,Permeation parameters for Ibuprofen,Ibuprofen,-,2.6,mg/ml,w/v,unknown,2.99,Papp (cm/s),6,hours,,,,1,1,,"Extracted from permeation results, noting Papp values. | failure_taxonomy:missing_endpoint_time","patches and microneedles have been developed for a convenient and effective transdermal drug delivery [7]. Microneedle technology has been established to perfor- ate the skin barrier without inducing pain or bleeding, as",Papp for Ibuprofen with different treatments as indicated in Table 1,"patches and microneedles have been developed for a convenient and effective transdermal drug delivery [7]. Microneedle technology has been established to perfor- ate the skin barrier without inducing pain or bleeding, as",Papp for Ibuprofen with different treatments as indicated in Table 1,Papp for Ibuprofen with different treatments as indicated in Table 1,yes,yes,yes,yes,yes,yes,yes,yes,keep_verified,"Extraction error: endpoint_kind was extracted as unknown, but the paper states flux in Table 1. endpoint_value was extracted as 2.99 Papp (cm/s), but the paper states 368.69 μg/cm²/h. For this paper the membrane was prepared by microneedle, the Table 1 shows the three types results."
1,P1_suspicious_verified,verified,record_1343b9043ea1,paper_13eefc545725,10.1016/j.jhazmat.2021.125554,http://fulir.irb.hr/6449/7/JHM414-2021-12554-fulir%20%281%29.pdf,text,IVPT,Franz diffusion cell,text_1,ibuprofen,10 mg/L,20,mg/ml,w/v,jss,1.2,mg/cm²/h,24,h,,,,0.95,0.8,,,Franz diffusion cell,,,Franz diffusion cell,20 mg/mL,no,yes,no,no,no,no,no,no,confirm rejected,"Rejected. No IVPT/IVRT, no franz cell, no applicable of our plan."
1,P1_suspicious_verified,verified,record_1af5e4956a6a,paper_13eefc545725,10.1016/j.jhazmat.2021.125554,http://fulir.irb.hr/6449/7/JHM414-2021-12554-fulir%20%281%29.pdf,text,both,Franz diffusion cell,text_4,ibuprofen,100 mg/L,20,mg/ml,w/v,jss,0.5,mg/cm²/h,16,h,,,,0.8,0.8,,,Franz diffusion cell,,,Franz diffusion cell,20 mg/mL,no,yes,no,no,no,no,no,no,confirm rejected,"Rejected. No IVPT/IVRT, no franz cell, no applicable of our plan."
1,P1_suspicious_verified,verified,record_1c71699c68dd,paper_13eefc545725,10.1016/j.jhazmat.2021.125554,http://fulir.irb.hr/6449/7/JHM414-2021-12554-fulir%20%281%29.pdf,text,IVPT,Franz diffusion cell,text_3,ibuprofen,5 mg/L,20,mg/ml,w/v,amount_per_area,0.8,mg/cm²,12,h,800,ug/cm^2,,0.85,0.8,,,Franz diffusion cell,,,Franz diffusion cell,20 mg/mL,no,yes,no,no,no,no,no,no,confirm rejected,"Rejected. No IVPT/IVRT, no franz cell, no applicable of our plan."
1,P1_suspicious_verified,verified,record_e29d4bda39b2,paper_13eefc545725,10.1016/j.jhazmat.2021.125554,http://fulir.irb.hr/6449/7/JHM414-2021-12554-fulir%20%281%29.pdf,text,IVPT,Franz diffusion cell,text_5,ibuprofen,15 mg/L,20,mg/ml,w/v,flux,0.9,mg/cm²/h,14,h,,,,0.75,0.8,,needs_supp=yes | failure_taxonomy:not_target_study_type,Franz diffusion cell,,,Franz diffusion cell,20 mg/mL,no,yes,no,no,no,no,no,no,confirm rejected,"Rejected. No IVPT/IVRT, no franz cell, no applicable of our plan."
1,P1_suspicious_verified,verified,record_9e37bfbbdb75,paper_6e6aaf875560,10.1248/bpb.b19-00221,https://www.jstage.jst.go.jp/article/bpb/42/9/42_b19-00221/_pdf,table,IVPT,Franz diffusion cell,Caco-2 Permeability Assay,Ibuprofen,N/A,1.11,mg/ml,w/v,unknown,146,× 10−6 cm/s,0.07,min,,,,0.95,0.8,,Data from the Caco-2 permeability assay for ibuprofen.,"Vol. 42, No. 9 (2019) 1603 Biol. Pharm. Bull. Software, La Jolla, CA, U.S.A.). The statistical test was two- sided and a p value less than 0.05 was considered signiﬁcant. RESULTS AND DISCUSSION The Caco-2 permeability a",Ibuprofen 5.2 3.83 1.11 96.1 146 0.070 1.47 933 1413 0.0055 32 871 871,"Vol. 42, No. 9 (2019) 1601 Biol. Pharm. Bull. 1 1 1 1 2 2 d d − ⋅ ⋅ C V PS C PS C t = + (1) 2 2 1 1 4 3 2 3 2 d ( ) d ⋅ ⋅ − ⋅ C V PS C PS C PS PS C t = + + (2) 3 3 4 3 3 2 d d − ⋅ ⋅ C V PS C PS C t = + (3) where C1, C2,",Ibuprofen 5.2 3.83 1.11 96.1 146 0.070 1.47 933 1413 0.0055 32 871 871,Ibuprofen 5.2 3.83 1.11 96.1 146 0.070 1.47 933 1413 0.0055 32 871 871,no,yes,no,no,no,no,yes,yes,reject scope mismatch,"Rejected. No IVPT/IVRT, no franz cell, no applicable of our plan."
1,P1_verified_figure_or_mixed,verified,record_1f7ffa0296ea,paper_7008480bdcae,10.1016/j.ijpharm.2016.03.043,https://discovery.ucl.ac.uk/id/eprint/1477393/1/MANUSCRIPTREVISION.pdf,figure,both,Franz diffusion cell,Isopropyl Alcohol Solution,Ibuprofen,5% w/w,5,% w/w,w/w,amount_per_area,100,µg/cm2,1,h,100,ug/cm^2,,0.85,0.8,,Data include implications of excipient influence.,"5 Silicone membrane was pre-treated as reported previously (Oliveira et al., 2012). Full-thickness 116 porcine ear skin was prepared as described by Caon et al. (2010) and stored at -20°C until required. 117 Heat-separat","For the 1 µL application, cumulative amounts permeated were 90–100 µg/cm2.","5 Silicone membrane was pre-treated as reported previously (Oliveira et al., 2012). Full-thickness 116 porcine ear skin was prepared as described by Caon et al. (2010) and stored at -20°C until required. 117 Heat-separat","For the 1 µL application, cumulative amounts permeated were 90–100 µg/cm2.","For the 1 µL application, cumulative amounts permeated were 90–100 µg/cm2.",no,yes,yes,no,yes,yes,yes,yes,reject scope mismatch,"Extraction error:  device was extracted as Franz diffusion cell, but paper states Skin PAPMA.Study type as well. In the future, we can extract this Skin PAMPA's data when we extend the policy or strict-scope conditions."
1,P1_verified_figure_or_mixed,verified,record_2f018608b474,paper_7008480bdcae,10.1016/j.ijpharm.2016.03.043,https://discovery.ucl.ac.uk/id/eprint/1477393/1/MANUSCRIPTREVISION.pdf,figure,IVPT,Franz diffusion cell,IBULEVE™ Speed Relief 5% Spray,Ibuprofen,5% w/w,5,% w/w,w/w,amount_total,30.58527374,μg/cm²,48,h,30.58527374,ug/cm^2,0.85,0.95,0.8,,Performance evaluated with human skin. | Figure endpoint built from triage + CV digitization + curve mapping. | figure_trace_id=figure_trace_paper_7008480bdcae_1_7_A_543a3a2add8f | curve_trace_id=figure_trace_paper_7008480bdcae_1_7_A_543a3a2add8f::cluster_1,Franz diffusion cell,"At 48 h, maximum ibuprofen permeation in human skin ranged from 11–38 µg/cm2.","5 Silicone membrane was pre-treated as reported previously (Oliveira et al., 2012). Full-thickness 116 porcine ear skin was prepared as described by Caon et al. (2010) and stored at -20°C until required. 117 Heat-separat","At 48 h, maximum ibuprofen permeation in human skin ranged from 11–38 µg/cm2.","At 48 h, maximum ibuprofen permeation in human skin ranged from 11–38 µg/cm2.",no,yes,yes,no,yes,yes,yes,yes,reject scope mismatch,"Extraction error:  device was extracted as Franz diffusion cell, but paper states Skin PAPMA.Study type as well. In the future, we can extract this Skin PAMPA's data when we extend the policy or strict-scope conditions."
1,P1_verified_figure_or_mixed,verified,record_38a8ff6a1c0a,paper_7008480bdcae,10.1016/j.ijpharm.2016.03.043,https://discovery.ucl.ac.uk/id/eprint/1477393/1/MANUSCRIPTREVISION.pdf,figure,IVPT,Franz diffusion cell,Isopropyl Alcohol Solution,Ibuprofen,5% w/w,5,% w/w,w/w,amount_total,36.43801117,μg/cm²,48,h,36.43801117,ug/cm^2,0.75,0.95,0.8,,Data include implications of excipient influence. | Figure endpoint built from triage + CV digitization + curve mapping. | figure_trace_id=figure_trace_paper_7008480bdcae_1_7_A_543a3a2add8f | curve_trace_id=figure_trace_paper_7008480bdcae_1_7_A_543a3a2add8f::cluster_2,Franz diffusion cell,"For the 1 µL application, cumulative amounts permeated were 90–100 µg/cm2.","5 Silicone membrane was pre-treated as reported previously (Oliveira et al., 2012). Full-thickness 116 porcine ear skin was prepared as described by Caon et al. (2010) and stored at -20°C until required. 117 Heat-separat","For the 1 µL application, cumulative amounts permeated were 90–100 µg/cm2.","For the 1 µL application, cumulative amounts permeated were 90–100 µg/cm2.",no,yes,yes,no,yes,yes,yes,yes,reject scope mismatch,"Extraction error:  device was extracted as Franz diffusion cell, but paper states Skin PAPMA.Study type as well. In the future, we can extract this Skin PAMPA's data when we extend the policy or strict-scope conditions."
1,P1_verified_figure_or_mixed,verified,record_74dc88751193,paper_7008480bdcae,10.1016/j.ijpharm.2016.03.043,https://discovery.ucl.ac.uk/id/eprint/1477393/1/MANUSCRIPTREVISION.pdf,figure,IVPT,Franz diffusion cell,PEG 300 Solution,Ibuprofen,5% w/w,5,% w/w,w/w,amount_total,6.261798859,μg/cm²,48,h,6.261798859,ug/cm^2,0.6,0.95,0.8,,Data include implications of excipient influence. | Figure endpoint built from triage + CV digitization + curve mapping. | figure_trace_id=figure_trace_paper_7008480bdcae_1_7_A_543a3a2add8f | curve_trace_id=figure_trace_paper_7008480bdcae_1_7_A_543a3a2add8f::cluster_4,Franz diffusion cell,"For the 1 µL application, cumulative amounts permeated were 90–100 µg/cm2.","5 Silicone membrane was pre-treated as reported previously (Oliveira et al., 2012). Full-thickness 116 porcine ear skin was prepared as described by Caon et al. (2010) and stored at -20°C until required. 117 Heat-separat","For the 1 µL application, cumulative amounts permeated were 90–100 µg/cm2.","For the 1 µL application, cumulative amounts permeated were 90–100 µg/cm2.",no,yes,yes,no,yes,yes,yes,yes,reject scope mismatch,"Extraction error:  device was extracted as Franz diffusion cell, but paper states Skin PAPMA.Study type as well. In the future, we can extract this Skin PAMPA's data when we extend the policy or strict-scope conditions."
1,P1_verified_figure_or_mixed,verified,record_8e80cb4b00b3,paper_7008480bdcae,10.1016/j.ijpharm.2016.03.043,https://discovery.ucl.ac.uk/id/eprint/1477393/1/MANUSCRIPTREVISION.pdf,figure,IVPT,Franz diffusion cell,PEG 300 Solution,Ibuprofen,5% w/w,5,% w/w,w/w,amount_total,30.45940781,μg/cm²,48,h,30.45940781,ug/cm^2,0.7,0.95,0.8,,Data include implications of excipient influence. | Figure endpoint built from triage + CV digitization + curve mapping. | figure_trace_id=figure_trace_paper_7008480bdcae_1_7_A_543a3a2add8f | curve_trace_id=figure_trace_paper_7008480bdcae_1_7_A_543a3a2add8f::cluster_3,Franz diffusion cell,"For the 1 µL application, cumulative amounts permeated were 90–100 µg/cm2.","5 Silicone membrane was pre-treated as reported previously (Oliveira et al., 2012). Full-thickness 116 porcine ear skin was prepared as described by Caon et al. (2010) and stored at -20°C until required. 117 Heat-separat","For the 1 µL application, cumulative amounts permeated were 90–100 µg/cm2.","For the 1 µL application, cumulative amounts permeated were 90–100 µg/cm2.",no,yes,yes,no,yes,yes,yes,yes,reject scope mismatch,"Extraction error:  device was extracted as Franz diffusion cell, but paper states Skin PAPMA.Study type as well. In the future, we can extract this Skin PAMPA's data when we extend the policy or strict-scope conditions."
1,P1_verified_figure_or_mixed,verified,record_a28c8f99f0f6,paper_7008480bdcae,10.1016/j.ijpharm.2016.03.043,https://discovery.ucl.ac.uk/id/eprint/1477393/1/MANUSCRIPTREVISION.pdf,figure,both,Franz diffusion cell,IBULEVE™ Speed Relief 5% Spray,Ibuprofen,5% w/w,5,% w/w,w/w,amount_per_area,38,µg/cm2,48,h,38,ug/cm^2,,0.9,0.8,,Performance evaluated with human skin.,"5 Silicone membrane was pre-treated as reported previously (Oliveira et al., 2012). Full-thickness 116 porcine ear skin was prepared as described by Caon et al. (2010) and stored at -20°C until required. 117 Heat-separat","At 48 h, maximum ibuprofen permeation in human skin ranged from 11–38 µg/cm2.","5 Silicone membrane was pre-treated as reported previously (Oliveira et al., 2012). Full-thickness 116 porcine ear skin was prepared as described by Caon et al. (2010) and stored at -20°C until required. 117 Heat-separat","At 48 h, maximum ibuprofen permeation in human skin ranged from 11–38 µg/cm2.","At 48 h, maximum ibuprofen permeation in human skin ranged from 11–38 µg/cm2.",no,yes,yes,no,yes,yes,yes,yes,reject scope mismatch,"Extraction error:  device was extracted as Franz diffusion cell, but paper states Skin PAPMA.Study type as well. In the future, we can extract this Skin PAMPA's data when we extend the policy or strict-scope conditions."
1,P1_verified_figure_or_mixed,verified,record_af2bc3931fdb,paper_7008480bdcae,10.1016/j.ijpharm.2016.03.043,https://discovery.ucl.ac.uk/id/eprint/1477393/1/MANUSCRIPTREVISION.pdf,figure,both,Franz diffusion cell,PEG 300 Solution,Ibuprofen,5% w/w,5,% w/w,w/w,amount_per_area,100,µg/cm2,1,h,100,ug/cm^2,,0.85,0.8,,Data include implications of excipient influence.,"5 Silicone membrane was pre-treated as reported previously (Oliveira et al., 2012). Full-thickness 116 porcine ear skin was prepared as described by Caon et al. (2010) and stored at -20°C until required. 117 Heat-separat","For the 1 µL application, cumulative amounts permeated were 90–100 µg/cm2.","5 Silicone membrane was pre-treated as reported previously (Oliveira et al., 2012). Full-thickness 116 porcine ear skin was prepared as described by Caon et al. (2010) and stored at -20°C until required. 117 Heat-separat","For the 1 µL application, cumulative amounts permeated were 90–100 µg/cm2.","For the 1 µL application, cumulative amounts permeated were 90–100 µg/cm2.",no,yes,yes,no,yes,yes,yes,yes,reject scope mismatch,"Extraction error:  device was extracted as Franz diffusion cell, but paper states Skin PAPMA.Study type as well. In the future, we can extract this Skin PAMPA's data when we extend the policy or strict-scope conditions."
1,P1_verified_figure_or_mixed,verified,record_e5a5cd848fa6,paper_7008480bdcae,10.1016/j.ijpharm.2016.03.043,https://discovery.ucl.ac.uk/id/eprint/1477393/1/MANUSCRIPTREVISION.pdf,figure,both,Franz diffusion cell,IBUGEL™,Ibuprofen,5% w/w,5,% w/w,w/w,amount_per_area,91,µg/cm2,6,h,91,ug/cm^2,,0.9,0.8,,Performance evaluated using PAMPA model.,"5 Silicone membrane was pre-treated as reported previously (Oliveira et al., 2012). Full-thickness 116 porcine ear skin was prepared as described by Caon et al. (2010) and stored at -20°C until required. 117 Heat-separat","At 6 h, cumulative amounts of ibuprofen permeated were 91–136 µg/cm2 across the range of formulations studied.","5 Silicone membrane was pre-treated as reported previously (Oliveira et al., 2012). Full-thickness 116 porcine ear skin was prepared as described by Caon et al. (2010) and stored at -20°C until required. 117 Heat-separat","At 6 h, cumulative amounts of ibuprofen permeated were 91–136 µg/cm2 across the range of formulations studied.","At 6 h, cumulative amounts of ibuprofen permeated were 91–136 µg/cm2 across the range of formulations studied.",no,yes,yes,no,yes,yes,yes,yes,reject scope mismatch,
1,P1_suspicious_verified|P1_verified_figure_or_mixed,verified,record_31c801328f76,paper_85f231cdccef,10.1208/s12249-019-1584-8,https://link.springer.com/content/pdf/10.1208/s12249-019-1584-8.pdf,mixed,IVRT,Franz diffusion cell,text_3,ibuprofen,5%,4.6,mM,molar,jss,9.65,µg/cm²/h,24,h,,,,0.85,0.8,,Cream showed the least permeation in comparison.,"Excipient Co., Ltd. (Xi’an, China); polyoxyethylene castor oil (Cremophor® EL) was purchased from BASF SE (Ludwigshafen, Germany); highly puriﬁed diethylene glycol monoethyl ether (Transcutol® P) was obtained from GATTEF",,,Cumulative drug permeation for the cream group was the lowest among the three formulations.,"Excipient Co., Ltd. (Xi’an, China); polyoxyethylene castor oil (Cremophor® EL) was purchased from BASF SE (Ludwigshafen, Germany); highly puriﬁed diethylene glycol monoethyl ether (Transcutol® P) was obtained from GATTEF",yes,yes,yes,yes,yes,yes,yes,yes,keep_verified,"Extraction error: API concentration was extracted as 4.6 mM, but the paper states 5% w/w ibuprofen in Table 1. endpoint_value was extracted not very correct. formulation_lable is not correct, paper states three type formulation, eg., ME/Gel, Gel, Cream."
1,P1_suspicious_verified|P1_verified_figure_or_mixed,verified,record_3a02631396d0,paper_85f231cdccef,10.1208/s12249-019-1584-8,https://link.springer.com/content/pdf/10.1208/s12249-019-1584-8.pdf,mixed,IVPT,Franz diffusion cell,text_2,ibuprofen,5%,4.6,mM,molar,jss,10.86,µg/cm²/h,24,h,,,,0.9,0.8,,Transdermal flux significantly lower than ME/Gel.,"Excipient Co., Ltd. (Xi’an, China); polyoxyethylene castor oil (Cremophor® EL) was purchased from BASF SE (Ludwigshafen, Germany); highly puriﬁed diethylene glycol monoethyl ether (Transcutol® P) was obtained from GATTEF",,,Ibuprofen transdermal delivery in the Gel group was larger than that of the commercial cream.,"Excipient Co., Ltd. (Xi’an, China); polyoxyethylene castor oil (Cremophor® EL) was purchased from BASF SE (Ludwigshafen, Germany); highly puriﬁed diethylene glycol monoethyl ether (Transcutol® P) was obtained from GATTEF",yes,yes,yes,yes,yes,yes,yes,yes,keep_verified,"Extraction error: API concentration was extracted as 4.6 mM, but the paper states 5% w/w ibuprofen in Table 1. endpoint_value was extracted not very correct. formulation_lable is not correct, paper states three type formulation, eg., ME/Gel, Gel, Cream."
1,P1_suspicious_verified|P1_verified_figure_or_mixed,verified,record_b9ecb6e6b7ed,paper_85f231cdccef,10.1208/s12249-019-1584-8,https://link.springer.com/content/pdf/10.1208/s12249-019-1584-8.pdf,mixed,IVPT,Franz diffusion cell,text_1,ibuprofen,5%,4.6,mM,molar,jss,24.32,µg/cm²/h,24,h,,,,0.95,0.8,,In vitro transdermal delivery showed Jss for ME/Gel higher than Gel and cream.,"Excipient Co., Ltd. (Xi’an, China); polyoxyethylene castor oil (Cremophor® EL) was purchased from BASF SE (Ludwigshafen, Germany); highly puriﬁed diethylene glycol monoethyl ether (Transcutol® P) was obtained from GATTEF",,,"The 24-h cumulative drug permeation amount was 1.42-fold and 2.52-fold higher than that of the hydrogel and cream groups, respectively.","Excipient Co., Ltd. (Xi’an, China); polyoxyethylene castor oil (Cremophor® EL) was purchased from BASF SE (Ludwigshafen, Germany); highly puriﬁed diethylene glycol monoethyl ether (Transcutol® P) was obtained from GATTEF",yes,yes,yes,yes,yes,yes,yes,yes,keep_verified,"Extraction error: API concentration was extracted as 4.6 mM, but the paper states 5% w/w ibuprofen in Table 1. endpoint_value was extracted not very correct. formulation_lable is not correct, paper states three type formulation, eg., ME/Gel, Gel, Cream."
1,P1_suspicious_verified|P1_verified_figure_or_mixed,verified,record_3ec504a55f6a,paper_bfb4f8a16de3,10.4103/jomfp.jomfp_253_19,https://www.ncbi.nlm.nih.gov/pmc/articles/7269311,mixed,IVPT,Franz diffusion cell,text_2,ibuprofen,5%,2.85,mM,molar,jss,96.34,%,168,hours,,,,0.9,0.8,,Controlled release observed over 168 hours. | failure_taxonomy:missing_api_concentration,Franz diffusion cell,,,"At the end of 168 h, 96.34% of moxifloxacin and 95.45% of ibuprofen were released into the medium.",Franz diffusion cell,no,yes,no,no,no,no,no,no,confirm rejected,"Rejected. No Franz diffusion cell, no 5% w/w, no ivpt."
1,P1_suspicious_verified|P1_verified_figure_or_mixed,verified,record_897ef92d3a5b,paper_bfb4f8a16de3,10.4103/jomfp.jomfp_253_19,https://www.ncbi.nlm.nih.gov/pmc/articles/7269311,mixed,IVPT,Franz diffusion cell,text_5,ibuprofen,5%,2.85,mM,molar,jss,95.45,%,168,hours,,,,0.9,0.8,,Shows significant drug release in in-vitro studies. | failure_taxonomy:missing_api_concentration,Franz diffusion cell,,,"At the end of 168 h, 95.45% of ibuprofen were released into the medium.",Franz diffusion cell,no,yes,no,no,no,no,no,no,confirm rejected,"Rejected. No Franz diffusion cell, no 5% w/w, no ivpt."
1,P1_suspicious_verified|P1_verified_figure_or_mixed,verified,record_a49a3ed57c1e,paper_bfb4f8a16de3,10.4103/jomfp.jomfp_253_19,https://www.ncbi.nlm.nih.gov/pmc/articles/7269311,mixed,IVPT,Franz diffusion cell,text_1,ibuprofen,5%,2.85,mM,molar,jss,95.45,%,168,hours,,,,0.9,0.8,,Controlled release observed over 168 hours. | failure_taxonomy:missing_api_concentration,Franz diffusion cell,,,"At the end of 168 h, 96.34% of moxifloxacin and 95.45% of ibuprofen were released into the medium.",Franz diffusion cell,no,yes,no,no,no,no,no,no,confirm rejected,"Rejected. No Franz diffusion cell, no 5% w/w, no ivpt."
1,P1_suspicious_verified,verified,record_03585edf3a7f,paper_13eefc545725,10.1016/j.jhazmat.2021.125554,http://fulir.irb.hr/6449/7/JHM414-2021-12554-fulir%20%281%29.pdf,text,both,Franz diffusion cell,text_2,ibuprofen,20 mg/mL,20,mg/ml,w/v,flux,2.5,mg/cm²/h,18,h,,,,0.9,0.6,,,Franz diffusion cell,,,Franz diffusion cell,"convergence and the default choice of solute cavity, as reported by [36]. The use of extra 170 steps of a quadratically convergent SCF procedure and the use of solvent accessible surface to 171 represent the solute-solve",no,yes,no,no,no,no,no,no,confirm rejected,"Rejected. No Franz diffusion cell, no 5% w/w, no ivpt."
1,P1_suspicious_verified|P1_verified_figure_or_mixed,verified,record_13e669d18dbb,paper_b257621dff97,10.1007/s11095-008-9785-y,https://purehost.bath.ac.uk/ws/files/363724/Nicoli_final.pdf,mixed,IVPT,Franz diffusion cell,text_2,ibuprofen,~10 mg/ml,10,mg/ml,w/v,flux,7.3,µg/cm2,0.5,h,,,,0.85,0.6,,Indicates significance of occlusion on clearance rates.,Franz diffusion cell,,,"When the treated site was occluded during the delay, ibuprofen remained able to diffuse from the SC.",Value statistically different from those when the delay was either 0 or 0.5 h (p<0.05).,no,yes,no,no,no,no,no,no,confirm rejected,"Rejected. No Franz diffusion cell, no 5% w/w, no ivpt, etc."
1,P1_suspicious_verified|P1_verified_figure_or_mixed,verified,record_2c9fa747f279,paper_b257621dff97,10.1007/s11095-008-9785-y,https://purehost.bath.ac.uk/ws/files/363724/Nicoli_final.pdf,mixed,IVPT,Franz diffusion cell,text_1,ibuprofen,~10 mg/ml,10,mg/ml,w/v,jss,12.2,µg/cm2,0,h,,,,0.9,0.6,,Data is derived from a human volunteer study.,Franz diffusion cell,,,Figure 3 shows ibuprofen concentration profiles across the SC...the total uptake of drug into the SC was 12.2 (±3.5) µg/cm2.,"Table II presents ibuprofen concentrations following a 30-minute application, yielding means of 13.6 ± 4.1 µg/cm2 at 0 h to 9.7 ± 2.9 µg/cm2 at 4 h.",no,yes,no,no,no,no,no,no,confirm rejected,"Rejected. No Franz diffusion cell, no 5% w/w, no ivpt."
1,P1_suspicious_verified|P1_verified_figure_or_mixed,verified,record_5a6b7ec9c089,paper_b257621dff97,10.1007/s11095-008-9785-y,https://purehost.bath.ac.uk/ws/files/363724/Nicoli_final.pdf,mixed,IVPT,Franz diffusion cell,Ibuprofen in Propylene Glycol/Water,Ibuprofen,~10 mg/ml,10,mg/ml,w/v,amount_total,10,mg,0,,5000,ug/cm^2,,1,0.6,,Results presented as concentration profiles across the SC. | failure_taxonomy:missing_endpoint,Franz diffusion cell,~10 mg/ml,"period (Figure 1). The tape-stripping and TEWL measurement procedures described previously (for the SC thickness determination) were again adopted here, but with less frequent determinations of TEWL to allow the strips t","The absence of agreement between theory and experiment is clear. The anticipated decay and flattening of the concentration profile is not observed; in fact, the total amount of ibuprofen (in µg/cm2) within the SC hardly ",Franz diffusion cell,no,yes,no,no,no,no,no,no,confirm rejected,"Rejected. No Franz diffusion cell, no 5% w/w, no ivpt."
2,P2_recoverable_unresolved,unresolved,record_a17e21ef4279,paper_567266ad0643,10.1248/cpb.c21-00033,https://www.jstage.jst.go.jp/article/cpb/69/5/69_c21-00033/_pdf,figure,IVPT,Franz diffusion cell,Lidocaine-Ibuprofen IL,Ibuprofen,Molar Fraction in IL (At Preparation),10,mM,molar,amount_total,28.3278656,µmol/cm²,8,hours,,,0.95,0.95,1,unit_normalization_failed,The permeation rate reflects the rate at which ibuprofen diffuses through the membrane. | Figure endpoint built from triage + CV digitization + curve mapping. | figure_trace_id=figure_trace_paper_567266ad0643_1_3_b_39304ece818c | curve_trace_id=figure_trace_paper_567266ad0643_1_3_b_39304ece818c::cluster_2,"Vol. 69, No. 5 (2021) 483 Chem. Pharm. Bull. through the silicone membrane from this suspended solution was introduced to dQ/dtsol(Av = 1) shown in Eq. 4. hermodynam- ic activity of chemicals in diﬀerent solvents must b",The observed permeation rate of ibuprofen from IL preparations (8h) was measured to be 2.35 ± 0.20 µmol/cm²/h.,"Vol. 69, No. 5 (2021) 483 Chem. Pharm. Bull. through the silicone membrane from this suspended solution was introduced to dQ/dtsol(Av = 1) shown in Eq. 4. hermodynam- ic activity of chemicals in diﬀerent solvents must b",The observed permeation rate of ibuprofen from IL preparations (8h) was measured to be 2.35 ± 0.20 µmol/cm²/h.,The observed permeation rate of ibuprofen from IL preparations (8h) was measured to be 2.35 ± 0.20 µmol/cm²/h.,no,yes,no,yes,yes,yes,yes,no,keep unresolved,"For Fig. 3b, it shows the profile of cumulative amount of ibuprofen with a few different ibuprofen formulations. But pipeline didn't extract them out. Evidence_preview located a wrong place."
2,P2_recoverable_unresolved,unresolved,record_cb97635fc722,paper_567266ad0643,10.1248/cpb.c21-00033,https://www.jstage.jst.go.jp/article/cpb/69/5/69_c21-00033/_pdf,figure,IVPT,Franz diffusion cell,Lidocaine-Ibuprofen IL,Ibuprofen,Molar Fraction in IL (At Preparation),10,mM,molar,amount_total,26.85245895,µmol/cm²,8,hours,,,0.95,0.95,1,unit_normalization_failed,The permeation rate reflects the rate at which ibuprofen diffuses through the membrane. | Figure endpoint built from triage + CV digitization + curve mapping. | figure_trace_id=figure_trace_paper_567266ad0643_1_3_b_39304ece818c | curve_trace_id=figure_trace_paper_567266ad0643_1_3_b_39304ece818c::cluster_1,"Vol. 69, No. 5 (2021) 483 Chem. Pharm. Bull. through the silicone membrane from this suspended solution was introduced to dQ/dtsol(Av = 1) shown in Eq. 4. hermodynam- ic activity of chemicals in diﬀerent solvents must b",The observed permeation rate of ibuprofen from IL preparations (8h) was measured to be 2.35 ± 0.20 µmol/cm²/h.,"Vol. 69, No. 5 (2021) 483 Chem. Pharm. Bull. through the silicone membrane from this suspended solution was introduced to dQ/dtsol(Av = 1) shown in Eq. 4. hermodynam- ic activity of chemicals in diﬀerent solvents must b",The observed permeation rate of ibuprofen from IL preparations (8h) was measured to be 2.35 ± 0.20 µmol/cm²/h.,The observed permeation rate of ibuprofen from IL preparations (8h) was measured to be 2.35 ± 0.20 µmol/cm²/h.,no,yes,no,yes,yes,yes,yes,no,keep unresolved,"For Fig. 3b, it shows the profile of cumulative amount of ibuprofen with a few different ibuprofen formulations. But pipeline didn't extract them out. Evidence_preview located a wrong place."
2,P2_recoverable_unresolved,unresolved,record_32f3510accd1,paper_a0517498c977,10.1039/d0ra00100g,https://europepmc.org/articles/PMC9049830,table,IVPT,Franz diffusion cell,Cumulative mass of ibuprofen,Ibuprofen,,54,mM,molar,amount_total,302.84,mg IBU cm-2,24,hours,,,,0.95,1,missing_area,Cumulative mass of ibuprofen for rac-IBU after 24 hours. | failure_taxonomy:missing_area | failure_taxonomy:missing_area,"log P of acid form of ibuprofen (1.284), which can indicate similar ionisation of the acid and salts at a higher pH. Shorter alkyl chains in the ester group of L-valine provided a decrease in hydrophobicity. The log P in",Cumulative mass of ibuprofen after 24 h: 302.84 mg IBU cm-2,,Cumulative mass of ibuprofen after 24 h: 302.84 mg IBU cm-2,Cumulative mass of ibuprofen after 24 h: 302.84 mg IBU cm-2,no,yes,no,yes,yes,yes,yes,yes,reject scope mismatch,"Reject for current strict dataset. The study appears to be a valid IVPT Franz record, but the API concentration is reported as 54 mM (molar basis), not 5% w/w. Useful for a broader ibuprofen dermal dataset, but out of scope for v1_strict_ibuprofen_5pct."
2,P2_recoverable_unresolved,unresolved,record_0aa946056083,paper_48cbfe0b170b,10.1208/s12249-013-9995-4,https://www.ncbi.nlm.nih.gov/pmc/articles/PMC3755145,table,both,Franz diffusion cell,F8,Ibuprofen,5% (w/v),5,% w/v,w/v,amount_total,734.4,μg,72,h,,,,1,0.8,missing_area,Endpoint values and times for F8. | failure_taxonomy:missing_area | failure_taxonomy:missing_area,"The skin was stored at −80°C. Prior to each permeation experiment; the skins were allowed to thaw at room temperature. After washing and equilibration with PBS, the skin was mounted on static vertical Franz Diffusion cel",Cum. amount of drug permeated (μg) for F8,,Cum. amount of drug permeated (μg) for F8,Cum. amount of drug permeated (μg) for F8,no,yes,no,yes,yes,yes,yes,yes,reject scope mismatch,"Reject for current strict dataset. The study appears to be a valid IVPT Franz record, but the API concentration is reported as 5% w/v, not 5% w/w. Useful for a broader ibuprofen dermal dataset, but out of scope for v1_strict_ibuprofen_5pct."
2,P2_recoverable_unresolved,unresolved,record_2578ce137ea3,paper_48cbfe0b170b,10.1208/s12249-013-9995-4,https://www.ncbi.nlm.nih.gov/pmc/articles/PMC3755145,table,both,Franz diffusion cell,F4,Ibuprofen,5% (w/v),5,% w/v,w/v,amount_total,734.4,μg,72,h,,,,1,0.8,missing_area,Endpoint values and times for F4. | failure_taxonomy:missing_area | failure_taxonomy:missing_area,"The skin was stored at −80°C. Prior to each permeation experiment; the skins were allowed to thaw at room temperature. After washing and equilibration with PBS, the skin was mounted on static vertical Franz Diffusion cel",Cum. amount of drug permeated (μg) for F4,,Cum. amount of drug permeated (μg) for F4,Cum. amount of drug permeated (μg) for F4,no,yes,no,yes,yes,yes,yes,yes,rescue_to_verified,"Reject for current strict dataset. The study appears to be a valid IVPT Franz record, but the API concentration is reported as 5% w/v, not 5% w/w. Useful for a broader ibuprofen dermal dataset, but out of scope for v1_strict_ibuprofen_5pct."
2,P2_recoverable_unresolved,unresolved,record_58c983118f05,paper_48cbfe0b170b,10.1208/s12249-013-9995-4,https://www.ncbi.nlm.nih.gov/pmc/articles/PMC3755145,table,both,Franz diffusion cell,F6,Ibuprofen,5% (w/v),5,% w/v,w/v,amount_total,808,μg,72,h,,,,1,0.8,missing_area,Endpoint values and times for F6. | failure_taxonomy:missing_area | failure_taxonomy:missing_area,"The skin was stored at −80°C. Prior to each permeation experiment; the skins were allowed to thaw at room temperature. After washing and equilibration with PBS, the skin was mounted on static vertical Franz Diffusion cel",Cum. amount of drug permeated (μg) for F6,,Cum. amount of drug permeated (μg) for F6,Cum. amount of drug permeated (μg) for F6,no,yes,no,yes,yes,yes,yes,yes,rescue_to_verified,"Reject for current strict dataset. The study appears to be a valid IVPT Franz record, but the API concentration is reported as 5% w/v, not 5% w/w. Useful for a broader ibuprofen dermal dataset, but out of scope for v1_strict_ibuprofen_5pct."
2,P2_recoverable_unresolved,unresolved,record_7843cfa292ef,paper_48cbfe0b170b,10.1208/s12249-013-9995-4,https://www.ncbi.nlm.nih.gov/pmc/articles/PMC3755145,table,both,Franz diffusion cell,F7,Ibuprofen,5% (w/v),5,% w/v,w/v,amount_total,387.9,μg,72,h,,,,1,0.8,missing_area,Endpoint values and times for F7. | failure_taxonomy:missing_area | failure_taxonomy:missing_area,"The skin was stored at −80°C. Prior to each permeation experiment; the skins were allowed to thaw at room temperature. After washing and equilibration with PBS, the skin was mounted on static vertical Franz Diffusion cel",Cum. amount of drug permeated (μg) for F7,,Cum. amount of drug permeated (μg) for F7,Cum. amount of drug permeated (μg) for F7,no,yes,no,yes,yes,yes,yes,yes,rescue_to_verified,"Reject for current strict dataset. The study appears to be a valid IVPT Franz record, but the API concentration is reported as 5% w/v, not 5% w/w. Useful for a broader ibuprofen dermal dataset, but out of scope for v1_strict_ibuprofen_5pct."
2,P2_recoverable_unresolved,unresolved,record_851ab860659f,paper_48cbfe0b170b,10.1208/s12249-013-9995-4,https://www.ncbi.nlm.nih.gov/pmc/articles/PMC3755145,table,both,Franz diffusion cell,F2,Ibuprofen,5% (w/v),5,% w/v,w/v,amount_total,1178.9,μg,72,h,,,,1,0.8,missing_area,Endpoint values and times for F2. | failure_taxonomy:missing_area | failure_taxonomy:missing_area,"The skin was stored at −80°C. Prior to each permeation experiment; the skins were allowed to thaw at room temperature. After washing and equilibration with PBS, the skin was mounted on static vertical Franz Diffusion cel",Cum. amount of drug permeated (μg) for F2,,Cum. amount of drug permeated (μg) for F2,Cum. amount of drug permeated (μg) for F2,no,yes,no,yes,yes,yes,yes,yes,rescue_to_verified,"Reject for current strict dataset. The study appears to be a valid IVPT Franz record, but the API concentration is reported as 5% w/v, not 5% w/w. Useful for a broader ibuprofen dermal dataset, but out of scope for v1_strict_ibuprofen_5pct."
2,P2_recoverable_unresolved,unresolved,record_9d98bd27f9f7,paper_48cbfe0b170b,10.1208/s12249-013-9995-4,https://www.ncbi.nlm.nih.gov/pmc/articles/PMC3755145,table,both,Franz diffusion cell,F3,Ibuprofen,5% (w/v),5,% w/v,w/v,amount_total,759.6,μg,72,h,,,,1,0.8,missing_area,Endpoint values and times for F3. | failure_taxonomy:missing_area | failure_taxonomy:missing_area,"The skin was stored at −80°C. Prior to each permeation experiment; the skins were allowed to thaw at room temperature. After washing and equilibration with PBS, the skin was mounted on static vertical Franz Diffusion cel",Cum. amount of drug permeated (μg) for F3,,Cum. amount of drug permeated (μg) for F3,Cum. amount of drug permeated (μg) for F3,no,yes,no,yes,yes,yes,yes,yes,rescue_to_verified,"Reject for current strict dataset. The study appears to be a valid IVPT Franz record, but the API concentration is reported as 5% w/v, not 5% w/w. Useful for a broader ibuprofen dermal dataset, but out of scope for v1_strict_ibuprofen_5pct."
2,P2_recoverable_unresolved,unresolved,record_ace3746b1600,paper_48cbfe0b170b,10.1208/s12249-013-9995-4,https://www.ncbi.nlm.nih.gov/pmc/articles/PMC3755145,table,both,Franz diffusion cell,F1,Ibuprofen,5% (w/v),5,% w/v,w/v,amount_total,1142.4,μg,72,h,,,,1,0.8,missing_area,Endpoint values and times for F1. | failure_taxonomy:missing_area | failure_taxonomy:missing_area,"The skin was stored at −80°C. Prior to each permeation experiment; the skins were allowed to thaw at room temperature. After washing and equilibration with PBS, the skin was mounted on static vertical Franz Diffusion cel",Cum. amount of drug permeated (μg) for F1,,Cum. amount of drug permeated (μg) for F1,Cum. amount of drug permeated (μg) for F1,no,yes,no,yes,yes,yes,yes,yes,rescue_to_verified,"Reject for current strict dataset. The study appears to be a valid IVPT Franz record, but the API concentration is reported as 5% w/v, not 5% w/w. Useful for a broader ibuprofen dermal dataset, but out of scope for v1_strict_ibuprofen_5pct."
2,P2_recoverable_unresolved,unresolved,record_fb8b2beb150c,paper_48cbfe0b170b,10.1208/s12249-013-9995-4,https://www.ncbi.nlm.nih.gov/pmc/articles/PMC3755145,table,both,Franz diffusion cell,F5,Ibuprofen,5% (w/v),5,% w/v,w/v,amount_total,799.5,μg,72,h,,,,1,0.8,missing_area,Endpoint values and times for F5. | failure_taxonomy:missing_area | failure_taxonomy:missing_area,"The skin was stored at −80°C. Prior to each permeation experiment; the skins were allowed to thaw at room temperature. After washing and equilibration with PBS, the skin was mounted on static vertical Franz Diffusion cel",Cum. amount of drug permeated (μg) for F5,,Cum. amount of drug permeated (μg) for F5,Cum. amount of drug permeated (μg) for F5,no,yes,no,yes,yes,yes,yes,yes,rescue_to_verified,"Reject for current strict dataset. The study appears to be a valid IVPT Franz record, but the API concentration is reported as 5% w/v, not 5% w/w. Useful for a broader ibuprofen dermal dataset, but out of scope for v1_strict_ibuprofen_5pct."
2,P2_recoverable_unresolved,unresolved,record_24cca94b1614,paper_4cd65bde6fb4,10.1021/acs.molpharmaceut.0c00720,https://repository.helmholtz-hzi.de/bitstream/10033/622589/1/Wiest%20et%20al.pdf,figure,IVRT,Franz diffusion cell,P+-Ibuprofen ion-pair,Ibuprofen,8 mM,8,mM,molar,amount_total,34.86287689,µM,72,hours,,,0.95,0.95,0.8,missing_area,The permeability values indicate that the cis isomer permeates through the membrane significantly faster than the trans isomer. | Figure endpoint built from triage + CV digitization + curve mapping. | figure_trace_id=figure_trace_paper_4cd65bde6fb4_figure_2_4__A_Chemical_structure_of_the_photoswitchable_P_-ib_14c602f0a208 | curve_trace_id=figure_tr,The modelling experiments suggested that Ibuprofen did not diffuse from the colloids forming under UV light and suggesting stable micelle structures (Figure S36). We now studied the impact of the UV light induced changes,Permeation of Ibuprofen ion pairs through membranes after UV light irradiation or stored in dark in comparison to Ibuprofen sodium. Data is shown as mean ± SE; comparisons were by Student t-Test in comparison to Ibuprofe,,Permeation of Ibuprofen ion pairs through membranes after UV light irradiation or stored in dark in comparison to Ibuprofen sodium. Data is shown as mean ± SE; comparisons were by Student t-Test in comparison to Ibuprofe,Permeation of Ibuprofen ion pairs through membranes after UV light irradiation or stored in dark in comparison to Ibuprofen sodium. Data is shown as mean ± SE; comparisons were by Student t-Test in comparison to Ibuprofe,no,yes,no,yes,yes,yes,yes,no,reject scope mismatch,"Reject for current strict dataset. The study appears to be a valid IVPT Franz record, but the API concentration is reported as 8 mM (molar basis), not 5% w/w. Useful for a broader ibuprofen dermal dataset, but out of scope for v1_strict_ibuprofen_5pct."
2,P2_recoverable_unresolved,unresolved,record_bed30cc4c744,paper_4cd65bde6fb4,10.1021/acs.molpharmaceut.0c00720,https://repository.helmholtz-hzi.de/bitstream/10033/622589/1/Wiest%20et%20al.pdf,figure,IVRT,Franz diffusion cell,P+-Ibuprofen ion-pair,Ibuprofen,8 mM,8,mM,molar,amount_total,12,hours,72,hours,,,,0.9,0.8,missing_area,The permeability values indicate that the cis isomer permeates through the membrane significantly faster than the trans isomer. | failure_taxonomy:missing_area | failure_taxonomy:missing_area,The modelling experiments suggested that Ibuprofen did not diffuse from the colloids forming under UV light and suggesting stable micelle structures (Figure S36). We now studied the impact of the UV light induced changes,Permeation of Ibuprofen ion pairs through membranes after UV light irradiation or stored in dark in comparison to Ibuprofen sodium. Data is shown as mean ± SE; comparisons were by Student t-Test in comparison to Ibuprofe,,Permeation of Ibuprofen ion pairs through membranes after UV light irradiation or stored in dark in comparison to Ibuprofen sodium. Data is shown as mean ± SE; comparisons were by Student t-Test in comparison to Ibuprofe,Permeation of Ibuprofen ion pairs through membranes after UV light irradiation or stored in dark in comparison to Ibuprofen sodium. Data is shown as mean ± SE; comparisons were by Student t-Test in comparison to Ibuprofe,no,yes,no,yes,yes,yes,yes,no,reject scope mismatch,"Reject for current strict dataset. endpoint_unit was not correct, paper states µM. And endpoint value was extracted as 12, paper states unlikely 12, it should be care about different colour for diffrent formulation in the same figure. The study appears to be a valid IVPT Franz record, but the API concentration is reported as 8 mM (molar basis), not 5% w/w. Useful for a broader ibuprofen dermal dataset, but out of scope for v1_strict_ibuprofen_5pct."
2,P2_recoverable_unresolved,unresolved,record_95740c1b9dcb,paper_5878fa191e8b,10.1016/j.rinphs.2012.10.001,https://europepmc.org/articles/PMC4167178,mixed,IVPT,Franz diffusion cell,Formulation A,Ibuprofen,10% w/w,10,% w/w,w/w,amount_total,80,µg/cm²,6,h,,,,0.95,0.8,missing_area,Endpoint values reflect cumulative permeation over 6 hours. | failure_taxonomy:missing_area | failure_taxonomy:missing_area,Franz diffusion cell,Table 2 shows the formulation composition and release values for ibuprofen.,,Table 2 shows the formulation composition and release values for ibuprofen.,Table 2 shows the formulation composition and release values for ibuprofen.,no,yes,no,yes,yes,yes,yes,yes,reject scope mismatch,"Reject for current strict dataset. endpoint_time was not correct, paper states 24 h in figure. The study appears to be a valid IVPT Franz record, but the API concentration is reported as 10 % w/w (molar basis), not 5% w/w. Useful for a broader ibuprofen dermal dataset, but out of scope for v1_strict_ibuprofen_5pct."
2,P2_recoverable_unresolved,unresolved,record_423fd58bcb1f,paper_85f231cdccef,10.1208/s12249-019-1584-8,https://link.springer.com/content/pdf/10.1208/s12249-019-1584-8.pdf,mixed,IVPT,Franz diffusion cell,In Vitro Transdermal Test Results,Ibuprofen,,4.6,mM,molar,unknown,,,24,h,,,,0.9,0.8,missing_endpoint,failure_taxonomy:missing_endpoint | failure_taxonomy:missing_endpoint,"Excipient Co., Ltd. (Xi’an, China); polyoxyethylene castor oil (Cremophor® EL) was purchased from BASF SE (Ludwigshafen, Germany); highly puriﬁed diethylene glycol monoethyl ether (Transcutol® P) was obtained from GATTEF",,"Excipient Co., Ltd. (Xi’an, China); polyoxyethylene castor oil (Cremophor® EL) was purchased from BASF SE (Ludwigshafen, Germany); highly puriﬁed diethylene glycol monoethyl ether (Transcutol® P) was obtained from GATTEF",The primary skin irritation test results showed that there was no obvious irritation of the injured skin and intact skin in the ME/Gel group after continuous administration.,"Excipient Co., Ltd. (Xi’an, China); polyoxyethylene castor oil (Cremophor® EL) was purchased from BASF SE (Ludwigshafen, Germany); highly puriﬁed diethylene glycol monoethyl ether (Transcutol® P) was obtained from GATTEF",yes,yes,yes,yes,yes,yes,yes,yes,rescue_to_verified,"Extraction error: API concentration was extracted as 4.6 mM, but the paper states 5% w/w ibuprofen in Table 1. Endpoint_kind is amout, the endpoint_value was not extracted precisely in Figure 3a. There are three different type of formulation, e.g., ME/Gel, Gel, Cream."
2,P2_recoverable_unresolved,unresolved,record_c3fdc7aafe21,paper_85f231cdccef,10.1208/s12249-019-1584-8,https://link.springer.com/content/pdf/10.1208/s12249-019-1584-8.pdf,mixed,IVPT,Franz diffusion cell,Ibuprofen-Loaded Microemulsion,Ibuprofen,1%,4.6,mM,molar,unknown,,,24,h,,,,0.9,0.8,missing_endpoint,failure_taxonomy:missing_endpoint | failure_taxonomy:missing_endpoint,"Excipient Co., Ltd. (Xi’an, China); polyoxyethylene castor oil (Cremophor® EL) was purchased from BASF SE (Ludwigshafen, Germany); highly puriﬁed diethylene glycol monoethyl ether (Transcutol® P) was obtained from GATTEF",,"Excipient Co., Ltd. (Xi’an, China); polyoxyethylene castor oil (Cremophor® EL) was purchased from BASF SE (Ludwigshafen, Germany); highly puriﬁed diethylene glycol monoethyl ether (Transcutol® P) was obtained from GATTEF",Composition of the Ibuprofen-Loaded Formulations Preparation,"Excipient Co., Ltd. (Xi’an, China); polyoxyethylene castor oil (Cremophor® EL) was purchased from BASF SE (Ludwigshafen, Germany); highly puriﬁed diethylene glycol monoethyl ether (Transcutol® P) was obtained from GATTEF",yes,yes,yes,yes,yes,yes,yes,yes,rescue_to_verified,"Extraction error: API concentration was extracted as 4.6 mM, but the paper states 5% w/w ibuprofen in Table 1. Endpoint_kind is amout, the endpoint_value was not extracted precisely in Figure 3a. There are three different type of formulation, e.g., ME/Gel, Gel, Cream."
2,P2_recoverable_unresolved,unresolved,record_c846ed69a806,paper_85f231cdccef,10.1208/s12249-019-1584-8,https://link.springer.com/content/pdf/10.1208/s12249-019-1584-8.pdf,mixed,IVPT,Franz diffusion cell,Ibuprofen-Loaded Microemulsion-Based HA Hydrogel,Ibuprofen,1%,4.6,mM,molar,unknown,,,24,h,,,,0.9,0.8,missing_endpoint,failure_taxonomy:missing_endpoint | failure_taxonomy:missing_endpoint,"Excipient Co., Ltd. (Xi’an, China); polyoxyethylene castor oil (Cremophor® EL) was purchased from BASF SE (Ludwigshafen, Germany); highly puriﬁed diethylene glycol monoethyl ether (Transcutol® P) was obtained from GATTEF",,"Excipient Co., Ltd. (Xi’an, China); polyoxyethylene castor oil (Cremophor® EL) was purchased from BASF SE (Ludwigshafen, Germany); highly puriﬁed diethylene glycol monoethyl ether (Transcutol® P) was obtained from GATTEF",Composition of the Ibuprofen-Loaded Formulations Preparation,"Excipient Co., Ltd. (Xi’an, China); polyoxyethylene castor oil (Cremophor® EL) was purchased from BASF SE (Ludwigshafen, Germany); highly puriﬁed diethylene glycol monoethyl ether (Transcutol® P) was obtained from GATTEF",yes,yes,yes,yes,yes,yes,yes,yes,rescue_to_verified,"Extraction error: API concentration was extracted as 4.6 mM, but the paper states 5% w/w ibuprofen in Table 1. Endpoint_kind is amout, the endpoint_value was not extracted precisely in Figure 3a. There are three different type of formulation, e.g., ME/Gel, Gel, Cream."
2,P2_recoverable_unresolved,unresolved,record_2d12ed2e8ee2,paper_bfb4f8a16de3,10.4103/jomfp.jomfp_253_19,https://www.ncbi.nlm.nih.gov/pmc/articles/7269311,mixed,IVRT,Franz diffusion cell,text_4,ibuprofen,5%,2.85,mM,molar,flux,,null,168,h,,,,0.85,0.8,missing_endpoint,Involves controlled release in periodontal treatment. | failure_taxonomy:missing_api_concentration | failure_taxonomy:missing_endpoint,Franz diffusion cell,,,Statistically significant gain in CAL observed.,Franz diffusion cell,no,yes,no,no,no,no,yes,no,confirm rejected,"This paper is not applicable of our scope, no franz cell, no ivpt/ivrt, no endpoint, no experiment description."
2,P2_recoverable_unresolved,unresolved,record_fd17e4d90e0d,paper_bfb4f8a16de3,10.4103/jomfp.jomfp_253_19,https://www.ncbi.nlm.nih.gov/pmc/articles/7269311,mixed,IVPT,Franz diffusion cell,text_3,ibuprofen,5%,2.85,mM,molar,jss,,null,168,h,,,,0.8,0.8,missing_endpoint,Test formulation using moxifloxacin and ibuprofen as adjunct therapy. | failure_taxonomy:missing_api_concentration | failure_taxonomy:missing_endpoint,Franz diffusion cell,,,Franz diffusion cell,The mean reduction of PPD (2.85 mm) and gain in CAL (2.56 mm) observed at the end of the study period in the SRP + LDD group of the present study was greater than that observed in the studies of Azmak et al .[ 15 ] and T,no,yes,no,no,no,no,yes,no,confirm rejected,"This paper is not applicable of our scope, no franz cell, no ivpt/ivrt, no endpoint, no experiment description."
2,P2_recoverable_unresolved,unresolved,record_e0f692cb7519,paper_d3e3b20e276b,10.3389/fphar.2024.1355283,https://europepmc.org/articles/PMC10902153,figure,IVPT,Franz diffusion cell,I-HA,Ibuprofen,20 mg/mL,20,mg/ml,w/v,amount_total,20,mg,24,h,,,,0.95,0.8,missing_area,I-HA showed significant anti-inflammatory effects relative to unconjugated ibuprofen. | failure_taxonomy:missing_endpoint | failure_taxonomy:missing_area,Franz diffusion cell,20 mg/mL,,24 h permeation of I-HA across in vitro TM permeation model.,Franz diffusion cell,no,yes,no,no,no,no,no,no,confirm rejected,"This paper is not applicable of our scope, no franz cell, no ivpt/ivrt, no endpoint, no experiment description."
2,P2_recoverable_unresolved,unresolved,record_e0f692cb7519,paper_d3e3b20e276b,10.3389/fphar.2024.1355283,https://europepmc.org/articles/PMC10902153,figure,IVPT,Franz diffusion cell,I-HA,Ibuprofen,20 mg/mL,20,mg/ml,w/v,amount_total,20,mg,24,h,,,,0.95,0.8,missing_area,I-HA demonstrated permeability across the round window membrane. | failure_taxonomy:missing_endpoint | failure_taxonomy:missing_area,Franz diffusion cell,20 mg/mL,,24 h permeation of I-HA across in vitro RWM permeation model.,Franz diffusion cell,no,yes,no,no,no,no,no,no,confirm rejected,"This paper is not applicable of our scope, no franz cell, no ivpt/ivrt, no endpoint, no experiment description."
2,P2_recoverable_unresolved,unresolved,record_b3a1459d197e,paper_b451e1b601ac,10.1016/j.ejpb.2020.05.013,https://pure.hud.ac.uk/ws/files/20412617/for_PURE_3D_diffusion_cell_FULL_Manuscript.pdf,figure,both,Franz diffusion cell,Ibuprofen Gel,Ibuprofen,5% w/w,5,% w/w,w/w,unknown,,,12,hours,,,,0.9,0.6,missing_endpoint,The formulation was used in a study to measure permeation. | failure_taxonomy:missing_endpoint | failure_taxonomy:missing_endpoint,6 154 Figure 1. 3D CAD model (a) Front view of the 3D printed diffusion cell prototype with dosage 155 tube inserted from the top (b) Isometric exploded view of the prototype. 156 157 158 Figure 2. 3D CAD model (a) Front,,9 207 Figure 4. Schematic of a set measurement zone for extracting absorbance data to calibrate the 208 3D printed diffusion cell prototype. 209 210 2.2.5. Membrane preparation 211 Before analysis of the ibuprofen gel us,The experiment was conducted for 12 h in triplicate at 37 °C.,6 154 Figure 1. 3D CAD model (a) Front view of the 3D printed diffusion cell prototype with dosage 155 tube inserted from the top (b) Isometric exploded view of the prototype. 156 157 158 Figure 2. 3D CAD model (a) Front,yes,yes,yes,yes,yes,yes,yes,yes,rescue_to_verified,"endpoint_kind states amount_total in Figure 11a, endpoint value and unit was not extracted from Fig. 11a, it should be awared. The unit states μg/mL."
2,P2_recoverable_unresolved,unresolved,record_fb76b61d213d,paper_b451e1b601ac,10.1016/j.ejpb.2020.05.013,https://pure.hud.ac.uk/ws/files/20412617/for_PURE_3D_diffusion_cell_FULL_Manuscript.pdf,figure,both,Franz diffusion cell,Ibuprofen Gel,Ibuprofen,5% w/w,5,% w/w,w/w,amount_total,261.1705933,mAU,200,μg/mL,,,0.95,0.95,0.6,unit_normalization_failed,The formulation was used in a study to measure permeation. | Figure endpoint built from triage + CV digitization + curve mapping. | figure_trace_id=figure_trace_paper_b451e1b601ac_10_14_a_70082c9c7d8a | curve_trace_id=figure_trace_paper_b451e1b601ac_10_14_a_70082c9c7d8a::cluster_1,11 243 Figure 6. Schematic of a set measurement zone for extracting absorbance data for the 3D 244 printed diffusion cell prototype for IBU permeation analysis 245 246 3. Results and discussion 247 3.1. Fabrication of th,curve_id=cluster_1; color=; trace_id=figure_trace_paper_b451e1b601ac_10_14_a_70082c9c7d8a::cluster_1,9 207 Figure 4. Schematic of a set measurement zone for extracting absorbance data to calibrate the 208 3D printed diffusion cell prototype. 209 210 2.2.5. Membrane preparation 211 Before analysis of the ibuprofen gel us,The experiment was conducted for 12 h in triplicate at 37 °C.,curve_id=cluster_1; color=; trace_id=figure_trace_paper_b451e1b601ac_10_14_a_70082c9c7d8a::cluster_1,yes,yes,yes,yes,yes,yes,yes,yes,rescue_to_verified,"endpoint_kind states amount_total in Figure 11a, endpoint value was extracted 261.1706 and unit was extracted mAU from Fig. 11a, but both are extracted wrong actually. The unit states μg/mL."
2,P2_recoverable_unresolved,unresolved,record_8e1fffe4c0d8,paper_cceb8131dfed,10.1016/j.ijpharm.2019.118975,https://ars.els-cdn.com/content/image/1-s2.0-S037851731931035X-ga1_lrg.jpg,mixed,both,Franz diffusion cell,Formulation 1,Ibuprofen,10%,10,% w/w,w/w,amount_total,20,mg,24,h,,,,0.9,0.6,missing_area,Formulation details with corresponding endpoint values. | failure_taxonomy:missing_area | failure_taxonomy:missing_area,Franz diffusion cell,Release profile of ibuprofen from transdermal patches,,Release profile of ibuprofen from transdermal patches,Release profile of ibuprofen from transdermal patches,no,yes,no,no,yes,no,no,no,reject scope mismatch,This paper is a non-OA paper and not included in our scope currently.
2,P2_recoverable_unresolved,unresolved,record_e3dfbeb3c6e6,paper_cceb8131dfed,10.1016/j.ijpharm.2019.118975,https://ars.els-cdn.com/content/image/1-s2.0-S037851731931035X-ga1_lrg.jpg,mixed,IVPT,Franz diffusion cell,Formulation 2,Ibuprofen,15%,15,% w/w,w/w,amount_total,25,mg,24,h,,,,0.85,0.6,missing_area,Comparison of two formulations. | failure_taxonomy:missing_area | failure_taxonomy:missing_area,Franz diffusion cell,In vitro permeation of ibuprofen from transdermal patches.,,In vitro permeation of ibuprofen from transdermal patches.,In vitro permeation of ibuprofen from transdermal patches.,no,yes,no,no,yes,no,no,no,reject scope mismatch,This paper is a non-OA paper and not included in our scope currently.
2,P2_recoverable_unresolved,unresolved,record_160cade877d3,paper_d3e3b20e276b,10.3389/fphar.2024.1355283,https://europepmc.org/articles/PMC10902153,figure,IVPT,Franz diffusion cell,I-HA,Ibuprofen,20 mg/mL,20,mg/ml,w/v,amount_total,16.83448792,%,150,%,,,0.7,0.95,0.6,missing_area,I-HA demonstrated permeability across the round window membrane. | Figure endpoint built from triage + CV digitization + curve mapping. | figure_trace_id=figure_trace_paper_d3e3b20e276b_Figure_4_9_A-D_ea186f5c5d7e | curve_trace_id=figure_trace_paper_d3e3b20e276b_Figure_4_9_A-D_ea186f5c5d7e::cluster_2,Franz diffusion cell,curve_id=cluster_2; color=gray; trace_id=figure_trace_paper_d3e3b20e276b_Figure_4_9_A-D_ea186f5c5d7e::cluster_2,,24 h permeation of I-HA across in vitro RWM permeation model.,curve_id=cluster_2; color=gray; trace_id=figure_trace_paper_d3e3b20e276b_Figure_4_9_A-D_ea186f5c5d7e::cluster_2,no,yes,no,no,no,no,no,no,confirm rejected,"This paper is not applicable of our scope, no franz cell, no ivpt/ivrt, no endpoint, no experiment description."
2,P2_recoverable_unresolved,unresolved,record_548b808427df,paper_d3e3b20e276b,10.3389/fphar.2024.1355283,https://europepmc.org/articles/PMC10902153,figure,IVPT,Franz diffusion cell,I-HA,Ibuprofen,20 mg/mL,20,mg/ml,w/v,amount_total,26.03838348,%,150,%,,,0.9,0.95,0.6,missing_area,I-HA demonstrated permeability across the round window membrane. | Figure endpoint built from triage + CV digitization + curve mapping. | figure_trace_id=figure_trace_paper_d3e3b20e276b_Figure_4_9_A-D_ea186f5c5d7e | curve_trace_id=figure_trace_paper_d3e3b20e276b_Figure_4_9_A-D_ea186f5c5d7e::cluster_1,Franz diffusion cell,curve_id=cluster_1; color=purple; trace_id=figure_trace_paper_d3e3b20e276b_Figure_4_9_A-D_ea186f5c5d7e::cluster_1,,24 h permeation of I-HA across in vitro RWM permeation model.,curve_id=cluster_1; color=purple; trace_id=figure_trace_paper_d3e3b20e276b_Figure_4_9_A-D_ea186f5c5d7e::cluster_1,no,yes,no,no,no,no,no,no,confirm rejected,"This paper is not applicable of our scope, no franz cell, no ivpt/ivrt, no endpoint, no experiment description."
2,P2_recoverable_unresolved,unresolved,record_576673286c05,paper_d3e3b20e276b,10.3389/fphar.2024.1355283,https://europepmc.org/articles/PMC10902153,figure,IVPT,Franz diffusion cell,I-HA,Ibuprofen,20 mg/mL,20,mg/ml,w/v,amount_total,15.8904953,%,150,%,,,0.7,0.95,0.6,missing_area,I-HA demonstrated permeability across the round window membrane. | Figure endpoint built from triage + CV digitization + curve mapping. | figure_trace_id=figure_trace_paper_d3e3b20e276b_Figure_4_9_A-D_ea186f5c5d7e | curve_trace_id=figure_trace_paper_d3e3b20e276b_Figure_4_9_A-D_ea186f5c5d7e::cluster_3,Franz diffusion cell,curve_id=cluster_3; color=gray; trace_id=figure_trace_paper_d3e3b20e276b_Figure_4_9_A-D_ea186f5c5d7e::cluster_3,,24 h permeation of I-HA across in vitro RWM permeation model.,curve_id=cluster_3; color=gray; trace_id=figure_trace_paper_d3e3b20e276b_Figure_4_9_A-D_ea186f5c5d7e::cluster_3,no,yes,no,no,no,no,no,no,confirm rejected,"This paper is not applicable of our scope, no franz cell, no ivpt/ivrt, no endpoint, no experiment description."
2,P2_recoverable_unresolved,unresolved,record_cee38dd11379,paper_d3e3b20e276b,10.3389/fphar.2024.1355283,https://europepmc.org/articles/PMC10902153,figure,IVPT,Franz diffusion cell,I-HA,Ibuprofen,20 mg/mL,20,mg/ml,w/v,amount_total,25.95972443,%,150,%,,,0.8,0.95,0.6,missing_area,I-HA demonstrated permeability across the round window membrane. | Figure endpoint built from triage + CV digitization + curve mapping. | figure_trace_id=figure_trace_paper_d3e3b20e276b_Figure_4_9_A-D_ea186f5c5d7e | curve_trace_id=figure_trace_paper_d3e3b20e276b_Figure_4_9_A-D_ea186f5c5d7e::cluster_4,Franz diffusion cell,curve_id=cluster_4; color=blue; trace_id=figure_trace_paper_d3e3b20e276b_Figure_4_9_A-D_ea186f5c5d7e::cluster_4,,24 h permeation of I-HA across in vitro RWM permeation model.,curve_id=cluster_4; color=blue; trace_id=figure_trace_paper_d3e3b20e276b_Figure_4_9_A-D_ea186f5c5d7e::cluster_4,no,yes,no,no,no,no,no,no,confirm rejected,"This paper is not applicable of our scope, no franz cell, no ivpt/ivrt, no endpoint, no experiment description."
3,P3_borderline_rejected,rejected,record_9dde44c7b3b2,paper_112cba50495d,10.1038/s41598-024-57883-5,https://europepmc.org/articles/PMC10973418,mixed,uncertain,diffusion cell,Sample E,Ibuprofen,1,151.38,mg/g,w/w,amount_total,239,µg/g,14,days,1195000,ug/cm^2,,1,1,not_target_study_type|not_target_device,failure_taxonomy:not_target_study_type | failure_taxonomy:not_target_study_type,diffusion cell,Average drug release for sample E and SD (µg) after 14 days: 239 (± 20.98),2 Vol:.(1234567890) Scientific Reports | (2024) 14:7310 | https://doi.org/10.1038/s41598-024-57883-5 www.nature.com/scientificreports/ This drug delivery system achieved efficiency of 151.38 mg/g of loaded ­ibuprofen22. ,Average drug release for sample E and SD (µg) after 14 days: 239 (± 20.98),Average drug release for sample E and SD (µg) after 14 days: 239 (± 20.98),no,yes,no,no,yes,no,yes,no,reject scope mismatch,"Reject for current strict dataset. The study appears to be a valid IVPT Franz record, but the API concentration is reported as 151.38 mg/g, not 5% w/w. Useful for a broader ibuprofen dermal dataset, but out of scope for v1_strict_ibuprofen_5pct."
3,P3_borderline_rejected,rejected,record_cecdb7645542,paper_112cba50495d,10.1038/s41598-024-57883-5,https://europepmc.org/articles/PMC10973418,mixed,uncertain,diffusion cell,Sample C,Ibuprofen,1,151.38,mg/g,w/w,amount_total,209,µg/g,14,days,1045000,ug/cm^2,,1,1,not_target_study_type|not_target_device,failure_taxonomy:not_target_study_type | failure_taxonomy:not_target_study_type,diffusion cell,Average drug release for sample C and SD (µg) after 14 days: 209 (± 3.49),2 Vol:.(1234567890) Scientific Reports | (2024) 14:7310 | https://doi.org/10.1038/s41598-024-57883-5 www.nature.com/scientificreports/ This drug delivery system achieved efficiency of 151.38 mg/g of loaded ­ibuprofen22. ,Average drug release for sample C and SD (µg) after 14 days: 209 (± 3.49),Average drug release for sample C and SD (µg) after 14 days: 209 (± 3.49),no,yes,no,no,yes,no,yes,no,reject scope mismatch,"Reject for current strict dataset. The study appears to be a valid IVPT Franz record, but the API concentration is reported as 151.38 mg/g, not 5% w/w. Useful for a broader ibuprofen dermal dataset, but out of scope for v1_strict_ibuprofen_5pct."
3,P3_borderline_rejected,rejected,record_14fcff3b77b7,paper_4d9539f88d46,10.1016/j.clinthera.2010.03.002,https://www.ncbi.nlm.nih.gov/pmc/articles/8056333,text,IVPT,diffusion cell,text_4,ibuprofen,400 mg,0.9,mg/ml,w/v,amount_total,400,mg,6,h,,,,0.9,0.8,not_target_device|missing_area,Administered q6h as needed. | failure_taxonomy:not_target_device | failure_taxonomy:not_target_device,,400 mg,,"A 25-year-old healthy white woman weighing 65 kg with an unremarkable medical history presented at Caritas St. Elizabeth’s Medical Center, Boston, Massachusetts, with left flank pain, dysuria, and leukocytosis (white blo",400 mg,no,no,no,no,no,no,no,no,confirm rejected,"This paper is not applicable of our scope, no franz cell, no ivpt/ivrt, no endpoint, no experiment description. Even this paper is a review."
3,P3_borderline_rejected,rejected,record_1b7a2af23d71,paper_4d9539f88d46,10.1016/j.clinthera.2010.03.002,https://www.ncbi.nlm.nih.gov/pmc/articles/8056333,text,IVPT,diffusion cell,text_1,ibuprofen,400 mg,0.9,mg/ml,w/v,amount_total,400,mg,10,days,,,,0.9,0.8,not_target_device|missing_area,Administered as needed for pain control. | failure_taxonomy:not_target_device | failure_taxonomy:not_target_device,,400 mg,,"A 25-year-old healthy white woman weighing 65 kg with an unremarkable medical history presented at Caritas St. Elizabeth’s Medical Center, Boston, Massachusetts, with left flank pain, dysuria, and leukocytosis (white blo",400 mg,no,no,no,no,no,no,no,no,confirm rejected,"This paper is not applicable of our scope, no franz cell, no ivpt/ivrt, no endpoint, no experiment description. Even this paper is a review."
3,P3_borderline_rejected,rejected,record_54f472b4c9b2,paper_4d9539f88d46,10.1016/j.clinthera.2010.03.002,https://www.ncbi.nlm.nih.gov/pmc/articles/8056333,text,IVPT,diffusion cell,text_2,ibuprofen,400 mg,0.9,mg/ml,w/v,amount_total,400,mg,10,days,,,,0.9,0.8,not_target_device|missing_area,Given for pain control in a case of pyelonephritis. | failure_taxonomy:not_target_device | failure_taxonomy:not_target_device,,400 mg,,"A 25-year-old healthy white woman weighing 65 kg with an unremarkable medical history presented at Caritas St. Elizabeth’s Medical Center, Boston, Massachusetts, with left flank pain, dysuria, and leukocytosis (white blo",400 mg,no,no,no,no,no,no,no,no,confirm rejected,"This paper is not applicable of our scope, no franz cell, no ivpt/ivrt, no endpoint, no experiment description. Even this paper is a review."
3,P3_borderline_rejected,rejected,record_56060043f5b0,paper_4d9539f88d46,10.1016/j.clinthera.2010.03.002,https://www.ncbi.nlm.nih.gov/pmc/articles/8056333,text,IVRT,diffusion cell,text_5,ibuprofen,400 mg,0.9,mg/ml,w/v,amount_total,400,mg,10,days,,,,0.9,0.8,not_target_device|missing_area,Administered to manage pain associated with adverse reaction. | failure_taxonomy:not_target_device | failure_taxonomy:not_target_device,,400 mg,,"A 25-year-old healthy white woman weighing 65 kg with an unremarkable medical history presented at Caritas St. Elizabeth’s Medical Center, Boston, Massachusetts, with left flank pain, dysuria, and leukocytosis (white blo",400 mg,no,no,no,no,no,no,no,no,confirm rejected,"This paper is not applicable of our scope, no franz cell, no ivpt/ivrt, no endpoint, no experiment description. Even this paper is a review."
3,P3_borderline_rejected,rejected,record_e2f0a2826bcb,paper_4d9539f88d46,10.1016/j.clinthera.2010.03.002,https://www.ncbi.nlm.nih.gov/pmc/articles/8056333,text,IVRT,diffusion cell,text_3,ibuprofen,400 mg,0.9,mg/ml,w/v,amount_total,400,mg,10,days,,,,0.9,0.8,not_target_device|missing_area,Used for symptomatic relief in a case study. | failure_taxonomy:not_target_device | failure_taxonomy:not_target_device,,400 mg,,"A 25-year-old healthy white woman weighing 65 kg with an unremarkable medical history presented at Caritas St. Elizabeth’s Medical Center, Boston, Massachusetts, with left flank pain, dysuria, and leukocytosis (white blo",400 mg,no,no,no,no,no,no,no,no,confirm rejected,"This paper is not applicable of our scope, no franz cell, no ivpt/ivrt, no endpoint, no experiment description. Even this paper is a review."
3,P3_borderline_rejected,rejected,record_0786392e9812,paper_75f801f960c1,10.21203/rs.3.rs-3773667/v1,https://www.researchsquare.com/article/rs-3773667/latest.pdf,table,IVRT,diffusion cell,Sample C,Ibuprofen,1 mg/cm²,1,mg/cm2,Surface area,amount_total,97,µg,120,min,97,ug/cm^2,,0.9,0.8,not_target_device,failure_taxonomy:not_target_device | failure_taxonomy:not_target_device,diffusion cell,"...after two min, 64 µg of ibuprofen was detected, and after 120 min, the amount of the drug increased approximately 1.8-fold to a value of 97 µg (from the PLA-PEG sample C)...","Page 2/25 Abstract This paper presents active analgesic and anti-inflammatory dressings based on cotton woven material with surface functionalization enabling drug implementation. For this purpose, lactide was polymerize","...after two min, 64 µg of ibuprofen was detected, and after 120 min, the amount of the drug increased approximately 1.8-fold to a value of 97 µg (from the PLA-PEG sample C)...","...after two min, 64 µg of ibuprofen was detected, and after 120 min, the amount of the drug increased approximately 1.8-fold to a value of 97 µg (from the PLA-PEG sample C)…",no,yes,no,yes,yes,no,yes,no,reject scope mismatch,"Reject for current strict dataset. The study appears to be a valid IVPT Franz record, but the API concentration is reported as 151.38 mg/g, not 5% w/w. Useful for a broader ibuprofen dermal dataset, but out of scope for v1_strict_ibuprofen_5pct."
3,P3_borderline_rejected,rejected,record_7e75b7b1fa3d,paper_75f801f960c1,10.21203/rs.3.rs-3773667/v1,https://www.researchsquare.com/article/rs-3773667/latest.pdf,table,IVRT,diffusion cell,Sample E,Ibuprofen,1 mg/cm²,1,mg/cm2,Surface area,amount_total,239,µg/g,14,days,239,ug/cm^2,,0.9,0.8,not_target_device,failure_taxonomy:not_target_device | failure_taxonomy:not_target_device,diffusion cell,"... At the end of the measurements period, the amount of the released drug reached 239 µg/g for sample E...","Page 2/25 Abstract This paper presents active analgesic and anti-inflammatory dressings based on cotton woven material with surface functionalization enabling drug implementation. For this purpose, lactide was polymerize","... At the end of the measurements period, the amount of the released drug reached 239 µg/g for sample E...","... At the end of the measurements period, the amount of the released drug reached 239 µg/g for sample E...",no,yes,no,yes,yes,no,yes,no,reject scope mismatch,"Reject for current strict dataset. The study appears to be a valid IVPT Franz record, but the API concentration is reported as 151.38 mg/g, not 5% w/w. Useful for a broader ibuprofen dermal dataset, but out of scope for v1_strict_ibuprofen_5pct."
3,P3_borderline_rejected,rejected,record_6e20168603f8,paper_7b671a04bd51,10.1038/s41598-020-74885-1,https://europepmc.org/articles/PMC7584580,figure,uncertain,diffusion cell,Cumulative Drug Release,Ibuprofen (IBU),4 mg/ml,4,mg/ml,w/v,percent,86.08,%,62,days,,,,0.9,0.8,not_target_api|not_target_study_type|not_target_device|percent_only|figure_digitization_failed,Cumulative release values for IBU from various formulations. | figure_no_digitized_endpoint | failure_taxonomy:not_target_api | failure_taxonomy:not_target_api,diffusion cell,"the cumulative % of IBU released were 86.08%, 69.45%, 66.18%, 37.83% and 40.93% for 12% PCL-IBU, 10%PCLSW-1, 10%PCLSW-2, 12%PCLSW-1 and 12%PCLSW-2 respectively. Also, the initial burst release was 66.43%, 57.87%, 53.61%,","10 Vol:.(1234567890) Scientific Reports | (2020) 10:18179 | https://doi.org/10.1038/s41598-020-74885-1 www.nature.com/scientificreports/ Experimental Materials. Polycaprolactone (PCL, M.W. 80000) and Ibuprofen (IBU) with","the cumulative % of IBU released were 86.08%, 69.45%, 66.18%, 37.83% and 40.93% for 12% PCL-IBU, 10%PCLSW-1, 10%PCLSW-2, 12%PCLSW-1 and 12%PCLSW-2 respectively. Also, the initial burst release was 66.43%, 57.87%, 53.61%,","the cumulative % of IBU released were 86.08%, 69.45%, 66.18%, 37.83% and 40.93% for 12% PCL-IBU, 10%PCLSW-1, 10%PCLSW-2, 12%PCLSW-1 and 12%PCLSW-2 respectively. Also, the initial burst release was 66.43%, 57.87%, 53.61%,",no,yes,no,no,yes,yes,yes,yes,reject scope mismatch,"Reject for current strict dataset. The study appears to be a valid IVPT Franz record, but the API concentration is reported as 151.38 mg/g, not 5% w/w. Useful for a broader ibuprofen dermal dataset, but out of scope for v1_strict_ibuprofen_5pct."
3,P3_borderline_rejected,rejected,record_374e071bbc06,paper_7fb33aad5434,10.1172/jci2614,https://europepmc.org/articles/PMC508929,figure,IVRT,diffusion cell,Effect of ibuprofen on CFTR-mediated Cl2 secretion,Ibuprofen,500 µM,500,uM,concentration,percent,68,percent,1,min,,,,1,0.8,not_target_device|percent_only,Table summarizes the effect of ibuprofen on ion secretion. | failure_taxonomy:not_target_device | failure_taxonomy:not_target_device,diffusion cell,Ibuprofen (500 µM) caused a rapid and reversible inhibition of Isc.,,Ibuprofen (500 µM) caused a rapid and reversible inhibition of Isc.,Ibuprofen (500 µM) caused a rapid and reversible inhibition of Isc.,no,yes,no,no,no,no,no,no,confirm rejected,This paper is not applicable of our scope.
3,P3_borderline_rejected,rejected,record_94ab23a9642f,paper_84dcffdf1d76,10.1371/journal.pone.0156931,https://europepmc.org/articles/PMC4896440,figure,IVPT,diffusion cell,Table 3,Ibuprofen,Ibuprofen sodium salt - 100μM,100,uM,100uM NaIbu Gel,amount_total,2.75,Invasion Score,15,days,,,,0.95,0.8,not_target_device|unit_normalization_failed|figure_digitization_failed,Evaluation of anti-inflammatory effect of Ibuprofen on melanoma invasion. | figure_digitization_failure:fail_missing_axis_range:1 | figure_no_digitized_endpoint | failure_taxonomy:not_target_device,diffusion cell,Invasion Score F+K+A375SM+W+Fn+TNF-α+NaIbu 100μM Gel = 2.75 * p˂0.01,"consent for tissue not required for their treatment to be used for research purposes. All tissue was banked on an anonymous basis under a Human Tissue Authority Research Tissue Bank Licence, Number 12179. Ethical approva",Invasion Score F+K+A375SM+W+Fn+TNF-α+NaIbu 100μM Gel = 2.75 * p˂0.01,Invasion Score F+K+A375SM+W+Fn+TNF-α+NaIbu 100μM Gel = 2.75 * p˂0.01,no,yes,no,no,no,no,no,no,confirm rejected,This paper is not applicable of our scope.
3,P3_borderline_rejected,rejected,record_a4d2b85d222d,paper_84dcffdf1d76,10.1371/journal.pone.0156931,https://europepmc.org/articles/PMC4896440,figure,IVPT,diffusion cell,Table 4,Ibuprofen,Ibuprofen sodium salt - 100μM,100,uM,NaIbu Gel,amount_total,0.2,Invasion Score,15,days,,,,0.95,0.8,not_target_device|unit_normalization_failed|figure_digitization_failed,Comparative analysis among melanoma cell responses with Ibuprofen. | figure_digitization_failure:fail_missing_axis_range:1 | figure_no_digitized_endpoint | failure_taxonomy:not_target_device,diffusion cell,Invasion Score F+K+A375SM+W+Fn+TNF-α+NaIbu 100μM Gel = 0.2 * p˂0.05,"consent for tissue not required for their treatment to be used for research purposes. All tissue was banked on an anonymous basis under a Human Tissue Authority Research Tissue Bank Licence, Number 12179. Ethical approva",Invasion Score F+K+A375SM+W+Fn+TNF-α+NaIbu 100μM Gel = 0.2 * p˂0.05,Invasion Score F+K+A375SM+W+Fn+TNF-α+NaIbu 100μM Gel = 0.2 * p˂0.05,no,yes,no,no,no,no,no,no,confirm rejected,This paper is not applicable of our scope.
3,P3_borderline_rejected,rejected,record_726785ceb0fb,paper_c6791af323cf,10.1523/jneurosci.5741-07.2008,http://www.jneurosci.org/cgi/content/full/28/51/13727,mixed,uncertain,Franz diffusion cell,Ibuprofen,Ibuprofen,40 mg/kg,40,mg/kg,intraperitoneal,amount_total,40,mg,30,minutes,23.52941176,ug/cm^2,,0.95,0.8,not_target_study_type,Observed effects of ibuprofen on pain sensitivity. | failure_taxonomy:not_target_study_type | failure_taxonomy:not_target_study_type,Franz diffusion cell,"Following 4 baseline latency measurements in the hot plate test (52°C), animals were injected intraperitoneally with 40 mg/kg ibuprofen or vehicle (PBS)... Responses to the hot plate were tested at 30 min intervals follo","Temperature selection assays were performed as described previously ( Lee et al., 2005 ). Briefly, a mouse was placed on a 170 cm × 10 cm metal platform on which a linear thermal gradient spanning from 0.8 to 48.8°C was ","Following 4 baseline latency measurements in the hot plate test (52°C), animals were injected intraperitoneally with 40 mg/kg ibuprofen or vehicle (PBS)... Responses to the hot plate were tested at 30 min intervals follo","Following 4 baseline latency measurements in the hot plate test (52°C), animals were injected intraperitoneally with 40 mg/kg ibuprofen or vehicle (PBS)... Responses to the hot plate were tested at 30 min intervals follo",no,yes,no,no,no,no,no,no,confirm rejected,This paper is not applicable of our scope.
3,P3_borderline_rejected,rejected,record_64221675c27d,paper_e18921d9f76d,10.18433/j3160b,https://journals.library.ualberta.ca/jpps/index.php/JPPS/article/download/11017/8929,figure,IVRT,diffusion cell,Formulation of Niosomes-Gel with Ibuprofen (IBU),Ibuprofen,1% w/v,1,% w/v,w/v,amount_total,60,%,48,h,,,,0.95,0.8,not_target_device|missing_area|figure_digitization_failed,The release study shows that IBU has a slower release profile compared to the more hydrophilic drug. | figure_no_digitized_endpoint | failure_taxonomy:not_target_device | failure_taxonomy:not_target_device,diffusion cell,"the release profiles from niosomes-gel systems and from the hydrogel alone of model drugs, CAFF and IBU, showed an appreciable difference between the two drugs: the more hydrophilic CAFF was released much faster than IBU",,"the release profiles from niosomes-gel systems and from the hydrogel alone of model drugs, CAFF and IBU, showed an appreciable difference between the two drugs: the more hydrophilic CAFF was released much faster than IBU","the release profiles from niosomes-gel systems and from the hydrogel alone of model drugs, CAFF and IBU, showed an appreciable difference between the two drugs: the more hydrophilic CAFF was released much faster than IBU",no,yes,no,no,yes,no,yes,no,reject scope mismatch,"Reject for current strict dataset. No Franz diffusion cell, the API concentration is reported as 1% w/v, not 5% w/w. Useful for a broader ibuprofen dermal dataset, but out of scope for v1_strict_ibuprofen_5pct."
3,P3_borderline_rejected,rejected,record_7febaf9d6184,paper_4431fa44bca9,10.1186/s13065-022-00901-2,https://europepmc.org/articles/PMC9694607,table,IVPT,diffusion cell,Table 2,Ibuprofen,0.11 µmol/ml,0.11,umol/ml,IC50,unknown,0.11,µmol/ml,3,hr,,,,1,0.6,not_target_device,failure_taxonomy:not_target_study_type | failure_taxonomy:not_target_device,,Compound Z13 was found to be most potent with IC50 value of 0.03 µmol/ml compared to standard compound ibuprofen (IC50 = 0.11 µmol/ml).,,Compound Z13 was found to be most potent with IC50 value of 0.03 µmol/ml compared to standard compound ibuprofen (IC50 = 0.11 µmol/ml).,Compound Z13 was found to be most potent with IC50 value of 0.03 µmol/ml compared to standard compound ibuprofen (IC50 = 0.11 µmol/ml).,no,yes,no,no,no,no,yes,no,confirm rejected,This paper is not applicable of our scope.
3,P3_borderline_rejected,rejected,record_ad27c13dbfc5,paper_6d7ce6948405,10.1002/14651858.cd001177.pub2,https://eprints.leedsbeckett.ac.uk/id/eprint/499/1/Topical%20agents%20or%20dressings%20for%20pain%20in%20venous%20leg%20ulcers.pdf,table,both,diffusion cell,Ibuprofen foam dressing,Ibuprofen,0.5 mg/cm²,0.5,mg/cm2,homogeneously dispersed,unknown,1.63,Risk Ratio,7,days,,,,0.95,0.6,not_target_device,Mean (SD) treatment duration was 7(±2) days. | failure_taxonomy:not_target_device | failure_taxonomy:not_target_device,,"Comparison 3 Ibuprofen foam dressing compared with local best practice, Outcome 1 Number participants reporting TOTPARD5>50%.","There is still a paucity of evidence for the effects of topical agents or dressings for pain in venous leg ulcers from robust, adequately reported RCTs to inform this area of wound care practice. A pos- sible reason coul","Comparison 3 Ibuprofen foam dressing compared with local best practice, Outcome 1 Number participants reporting TOTPARD5>50%.","Comparison 3 Ibuprofen foam dressing compared with local best practice, Outcome 1 Number participants reporting TOTPARD5>50%.",no,yes,no,no,no,no,no,no,confirm rejected,This paper is not applicable of our scope.
3,P3_borderline_rejected,rejected,record_fb2bb179cda1,paper_7fb33aad5434,10.1172/jci2614,https://europepmc.org/articles/PMC508929,figure,IVRT,diffusion cell,Effect of ibuprofen on CFTR-mediated Cl2 secretion,Ibuprofen,500 µM,500,uM,concentration,amount_total,11.17056274,μA/cm²,10,mM,,,0.95,0.95,0.6,not_target_device|missing_area,Table summarizes the effect of ibuprofen on ion secretion. | Figure endpoint built from triage + CV digitization + curve mapping. | figure_trace_id=figure_trace_paper_7fb33aad5434_1_3_top_861f09f49ff0 | curve_trace_id=figure_trace_paper_7fb33aad5434_1_3_top_861f09f49ff0::cluster_1,diffusion cell,Ibuprofen (500 µM) caused a rapid and reversible inhibition of Isc.,,Ibuprofen (500 µM) caused a rapid and reversible inhibition of Isc.,Ibuprofen (500 µM) caused a rapid and reversible inhibition of Isc.,no,yes,no,no,no,no,no,no,confirm rejected,This paper is not applicable of our scope.
